{
  "train_loss": [
    0.2864599680261953,
    0.11470708490482398,
    0.05008725828624198,
    0.026563139565821205,
    0.017062093397336348,
    0.012043898675723799,
    0.009373369327347194,
    0.007273830049338618,
    0.005887165091865297,
    0.0048570811465781715,
    0.004321591396416936,
    0.003769521031894588,
    0.003559736127499491
  ],
  "val_loss": [
    0.1692931167781353,
    0.07987840473651886,
    0.04820103384554386,
    0.038453135173767805,
    0.03617705078795552,
    0.033523302525281906,
    0.03307145880535245,
    0.032578560058027506,
    0.031293703243136406,
    0.031997287180274725,
    0.03308443445712328,
    0.03362299734726548,
    0.033935480285435915
  ],
  "train_f1": [
    0.042655996487556476,
    0.717040224065813,
    0.9059333663604741,
    0.956757687519723,
    0.9701938223324877,
    0.9831861753366821,
    0.9891479064390847,
    0.9916074119944464,
    0.9945163670129153,
    0.9963520383601248,
    0.9969521122116717,
    0.9966615570688351,
    0.9982034869226422
  ],
  "val_f1": [
    0.031078872990637697,
    0.6476682061788445,
    0.8303609117520546,
    0.8538383516767355,
    0.863436834025557,
    0.8748906923140457,
    0.8769736543970078,
    0.8770275839246214,
    0.8832547990194365,
    0.895629131975108,
    0.8888307090897286,
    0.8874607489230041,
    0.8908716433887274
  ]
}